Company Name,Location,Sector
Sakura Electronics,"Tokyo, Japan",Technology
Fuji Steel Industries,"Osaka, Japan",Manufacturing
Nippon Pharma Corp,"Yokohama, Japan",Healthcare
Rising Sun Logistics,"Nagoya, Japan",Transportation
Zen Financial Group,"Kyoto, Japan",Banking
Samurai Energy Co,"Fukuoka, Japan",Energy
Koi Telecommunications,"Sapporo, Japan",Telecommunications
Shogun Construction Ltd,"Kobe, Japan",Construction
Mount Fuji Tourism,"Hiroshima, Japan",Tourism
Bonsai Agritech,"Sendai, Japan",Agriculture